LaGraciosa, g1190272-d2645782, Evita_Beach_Aptos_y_Suites_Exclusivas, Caleta_del_Sebo
LaGraciosa, g3360203-d17628872, Apartamentos_El_Marinero, Caleta_del_Sebo
LaGraciosa, g3360203-d25244761, Apartamentos_La_Pardela_Exclusive, Caleta_del_Sebo
LaGraciosa, g1190272-d945848, Apartamentos_GraciosaMar, Caleta_del_Sebo
LaGraciosa, g3360203-d18218265, Apartamentos_El_Marinero_Roque, Caleta_del_Sebo
LaGraciosa, g3360203-d23273570, Apartamentos_El_Marinero_Iglesia, Caleta_del_Sebo
Lanzarote, g673239-d282759, Secrets_Lanzarote_Resort_Spa, Puerto_Calero
Lanzarote, g662290-d280840, Sol_Lanzarote_All_Inclusive, Puerto_del_Carmen
Lanzarote, g652121-d319549, Iberostar_Selection_Lanzarote_Park, Playa_Blanca
Lanzarote, g662290-d500092, Hotel_Riu_Paraiso_Lanzarote_Resort, Puerto_del_Carmen
Lanzarote, g659633-d2042288, THB_Lanzarote_Beach, Costa_Teguise
Lanzarote, g659633-d234400, Barcelo_Lanzarote_Active_Resort, Costa_Teguise
Fuerteventura, g580322-d287995, Secrets_Bahía_Real_Resort_Spa, Corralejo
Fuerteventura, g658907-d255145, Barcelo_Fuerteventura_Mar, Caleta_de_Fuste
Fuerteventura, g659632-d487080, Occidental_Jandía_Playa, Morro_Jable
Fuerteventura, g659632-d288584, Iberostar_Selection_Fuerteventura_Palace, Playa_de_Jandia
Fuerteventura, g580322-d573422, Las_Marismas_de_Corralejo, Corralejo
Fuerteventura, g658907-d262426, Elba_Castillo_San_Jorge_Antigua_Suite_Hotel, Caleta_de_Fuste
GranCanaria, g635887-d530796, Gloria_Palace_Amadores_Thalasso_Hotel, Puerto_Rico
GranCanaria, g562818-d238899, Paradisus_by_Melia_Gran_Canaria, San_Agustin
GranCanaria, g2089121-d1488268, Lopesan_Baobab_Resort, Meloneras
GranCanaria, g187472-d228489, Santa_Catalina_a_Royal_Hideaway_Hotel, Las_Palmas_de_Gran_Canaria
GranCanaria, g664857-d559667, Hotel_Cordial_Mogán_Playa, Puerto_de_Mogan
GranCanaria, g230095-d645272, Club_Maspalomas_Suites_Spa, Maspalomas
Tenerife, g315919-d4341700, Hard_Rock_Hotel_Tenerife, Adeje
Tenerife, g562820-d500094, HD_Parque_Cristobal_Tenerife, Playa_de_las_Americas
Tenerife, g662606-d248458, Dreams_Jardin_Tropical, Costa_Adeje
Tenerife, g635888-d657734, Royal_Tenerife_Country_Club, San_Miguel_de_Abona
Tenerife, g796999-d12619261, Royal_Hideaway_Corales_Suites, La_Caleta
Tenerife, g187481-d264720, Be_Live_Adults_Only_Tenerife, Puerto_de_la_Cruz
LaGomera, g187470-d190895, Parador_de_La_Gomera, San_Sebastian_de_la_Gomera
LaGomera, g187470-d614341, Hotel_Villa_Gomera, San_Sebastian_de_la_Gomera
LaGomera, g187470-d566709, Hotel_Torre_del_Conde, San_Sebastian_de_la_Gomera
LaGomera, g187470-d2039274, Hotel_La_Colombina, San_Sebastian_de_la_Gomera
LaGomera, g187470-d7969808, Apartamentos_San_Sebastián, San_Sebastian_de_la_Gomera
LaGomera, g187470-d2146041, El_Cabrito, San_Sebastian_de_la_Gomera
ElHierro, g187474-d277394, Parador_de_El_Hierro, Valverde
ElHierro, g2139290-d2010097, Apartamentos_Los_Verodes, Frontera
ElHierro, g1190055-d630598, Hotel_Villa_El_Mocanal, El_Mocanal
ElHierro, g2139290-d603283, Hotel_Ida_Inés, Frontera
ElHierro, g1189149-d1193818, Balneario_Pozo_de_la_Salud, Sabinosa
ElHierro, g674060-d729666, Apartments_Los_Telares, Hermigua
LaPalma, g1175543-d638034, La_Palma_Princess_Spa, Fuencaliente
LaPalma, g1175543-d21175914, Esencia_de_La_Palma_by_Princes, Fuencaliente
LaPalma, g1177806-d3577949, Hotel_Hacienda_de_Abajo, Tazacorte
LaPalma, g642213-d535420, Hacienda_San_Jorge, Breña_Baja
LaPalma, g659966-d289252, H10_Taburiente_Playa, Playa_de_los_Cancajos
LaPalma, g642213-d488944, Hotel_Las_Olas, Breña_Baja


